{
  "boost.super": {
    "sounds": [
      "super_boost"
    ],
    "category": "player"
  },
  "heatvision.loop": {
    "sounds": [
      "heat_vision_loop"
    ],
    "category": "player"
  },
  "heatvision.start": {
    "sounds": [
      "heat_vision_start"
    ],
    "category": "player"
  },
  "cold.breath": {
    "sounds": [
      "cold_breath"
    ],
    "category": "player"
  },
  "hero.landing": {
    "sounds": [
      "landing"
    ],
    "category": "player"
  }
}